,station_name,station_name_kana,station_name_roman,fuken_id,type,longitude,latitude,height
47401,稚内,ワツカナイ,Watsukanai,11,S,141.678333333,45.415,2.8
47402,北見枝幸,キタミエサシ,Kitamiesashi,11,S,142.585,44.94,6.7
47407,旭川,アサヒカワ,Asahikawa,12,S,142.371666667,43.7566666667,120.0
47404,羽幌,ハボロ,Haboro,13,S,141.7,44.3633333333,7.9
47406,留萌,ルモイ,Rumoi,13,S,141.631666667,43.945,23.6
47412,札幌,サツポロ,Satsuporo,14,S,141.328333333,43.06,17.2
47413,岩見沢,イワミザワ,Iwamizawa,15,S,141.785,43.2116666667,42.3
47411,小樽,オタル,Otaru,16,S,141.016666667,43.1816666667,24.9
47433,倶知安,クツチヤン,Kutsuchiyan,16,S,140.756666667,42.9,176.1
47421,寿都,スツツ,Sutsutsu,16,S,140.223333333,42.795,33.4
47405,雄武,オウム,Oumu,17,S,142.963333333,44.58,13.8
47435,紋別,モンベツ,Monbetsu,17,S,143.355,44.345,15.8
47409,網走,アバシリ,Abashiri,17,S,144.278333333,44.0166666667,37.6
47420,根室,ネムロ,Nemuro,18,S,145.585,43.33,25.2
47418,釧路,クシロ,Kushiro,19,S,144.376666667,42.985,4.5
47417,帯広,オビヒロ,Obihiro,20,S,143.211666667,42.9216666667,38.4
47440,広尾,ヒロオ,Hiroo,20,S,143.315,42.2933333333,32.4
47424,苫小牧,トマコマイ,Tomakomai,21,S,141.546666667,42.6233333333,6.3
47423,室蘭,ムロラン,Muroran,21,S,140.975,42.3116666667,39.9
47426,浦河,ウラカワ,Urakawa,22,S,142.776666667,42.1616666667,36.7
47430,函館,ハコダテ,Hakodate,23,S,140.753333333,41.8166666667,35.0
47428,江差,エサシ,Esashi,24,S,140.123333333,41.8666666667,3.7
47576,むつ,ムツ,Mutsu,31,S,141.21,41.2833333333,2.9
47575,青森,アオモリ,Aomori,31,S,140.768333333,40.8216666667,2.8
47574,深浦,フカウラ,Fukaura,31,S,139.931666667,40.645,66.1
47581,八戸,ハチノヘ,Hachinohe,31,S,141.521666667,40.5266666667,27.1
47582,秋田,アキタ,Akita,32,S,140.098333333,39.7166666667,6.3
47584,盛岡,モリオカ,Morioka,33,S,141.165,39.6983333333,155.2
47585,宮古,ミヤコ,Miyako,33,S,141.965,39.6466666667,42.5
47512,大船渡,オオフナト,Oofunato,33,S,141.713333333,39.0633333333,36.9
47592,石巻,イシノマキ,Ishinomaki,34,S,141.298333333,38.4266666667,42.5
47590,仙台,センダイ,Sendai,34,S,140.896666667,38.2616666667,38.9
47587,酒田,サカタ,Sakata,35,S,139.843333333,38.9083333333,3.1
47520,新庄,シンジヨウ,Shinjiyou,35,S,140.311666667,38.7566666667,105.1
47588,山形,ヤマガタ,Yamagata,35,S,140.345,38.255,152.5
47595,福島,フクシマ,Fukushima,36,S,140.47,37.7583333333,67.4
47570,若松,ワカマツ,Wakamatsu,36,S,139.91,37.4883333333,212.1
47597,白河,シラカワ,Shirakawa,36,S,140.215,37.1316666667,355.0
47598,小名浜,オナハマ,Onahama,36,S,140.903333333,36.9466666667,3.3
47629,水戸,ミト,Mito,40,S,140.466666667,36.38,29.3
47646,つくば(館野),ツクバ（タテノ）,Tsukuba（Tateno）,40,S,140.125,36.0566666667,25.2
47690,奥日光(日光),オクニッコウ（ニッコウ）,Okunikkou（Nikkou）,41,S,139.5,36.7383333333,1291.9
47615,宇都宮,ウツノミヤ,Utsunomiya,41,S,139.868333333,36.5483333333,119.4
47624,前橋,マエバシ,Maebashi,42,S,139.06,36.405,112.1
47626,熊谷,クマガヤ,Kumagaya,43,S,139.38,36.15,30.0
47641,秩父,チチブ,Chichibu,43,S,139.073333333,35.99,232.1
47662,東京,トウキヨウ,Toukiyou,44,S,139.76,35.69,6.1
47675,大島,オオシマ,Ooshima,44,S,139.361666667,34.7483333333,74.0
47677,三宅島,ミヤケジマ,Miyakejima,44,S,139.521666667,34.1233333333,36.4
47678,八丈島,ハチジヨウ,Hachijiyou,44,S,139.778333333,33.1216666667,151.4
47971,父島,チチジマ,Chichijima,44,S,142.19,27.0916666667,2.7
47991,南鳥島,ミナミトリシマ,Minamitorishima,44,S,153.983333333,24.2883333333,7.1
47648,銚子,チヨウシ,Chiyoushi,45,S,140.856666667,35.7383333333,20.1
47682,千葉,チバ,Chiba,45,S,140.103333333,35.6016666667,3.5
47674,勝浦,カツウラ,Katsuura,45,S,140.311666667,35.15,11.9
47672,館山,タテヤマ,Tateyama,45,S,139.865,34.9866666667,5.8
47670,横浜,ヨコハマ,Yokohama,46,S,139.651666667,35.4383333333,39.1
47610,長野,ナガノ,Nagano,48,S,138.191666667,36.6616666667,418.2
47622,軽井沢,カルイザワ,Karuizawa,48,S,138.546666667,36.3416666667,999.1
47618,松本,マツモト,Matsumoto,48,S,137.97,36.245,610.0
47620,諏訪,スワ,Suwa,48,S,138.108333333,36.045,760.1
47637,飯田,イイダ,Iida,48,S,137.821666667,35.5233333333,516.4
47638,甲府,コウフ,Koufu,49,S,138.553333333,35.6666666667,272.8
47640,河口湖,カワグチコ,Kawaguchiko,49,S,138.76,35.5,859.6
47639,富士山,フジサン,Fujisan,49,S,138.726666667,35.36,3775.1
47657,三島,ミシマ,Mishima,50,S,138.925,35.1133333333,20.5
47668,網代,アジロ,Ajiro,50,S,139.091666667,35.045,66.9
47656,静岡,シズオカ,Shizuoka,50,S,138.403333333,34.975,14.1
47654,浜松,ハママツ,Hamamatsu,50,S,137.718333333,34.7083333333,31.7
47655,御前崎,オマエザキ,Omaezaki,50,S,138.211666667,34.6033333333,44.7
47666,石廊崎,イロウザキ,Irouzaki,50,S,138.841666667,34.6033333333,54.7
47636,名古屋,ナゴヤ,Nagoya,51,S,136.965,35.1666666667,51.1
47653,伊良湖,イラコ,Irako,51,S,137.093333333,34.6283333333,6.2
47617,高山,タカヤマ,Takayama,52,S,137.253333333,36.155,560.0
47632,岐阜,ギフ,Gifu,52,S,136.761666667,35.4,12.7
47684,四日市,ヨツカイチ,Yotsukaichi,53,S,136.58,34.94,55.1
47649,上野,ウエノ,Ueno,53,S,136.141666667,34.7616666667,159.2
47651,津,ツ,Tsu,53,S,136.518333333,34.7333333333,2.7
47663,尾鷲,オワセ,Owase,53,S,136.193333333,34.07,15.3
47602,相川,アイカワ,Aikawa,54,S,138.24,38.0283333333,5.5
47604,新潟,ニイガタ,Niigata,54,S,139.046666667,37.9116666667,1.9
47612,高田,タカダ,Takada,54,S,138.246666667,37.1066666667,12.9
47606,伏木,フシキ,Fushiki,55,S,137.055,36.7916666667,11.6
47607,富山,トヤマ,Toyama,55,S,137.201666667,36.7083333333,8.6
47600,輪島,ワジマ,Wajima,56,S,136.895,37.3916666667,5.2
47605,金沢,カナザワ,Kanazawa,56,S,136.633333333,36.5883333333,5.7
47616,福井,フクイ,Fukui,57,S,136.221666667,36.055,8.8
47631,敦賀,ツルガ,Tsuruga,57,S,136.061666667,35.6533333333,1.6
47761,彦根,ヒコネ,Hikone,60,S,136.243333333,35.275,87.3
47751,伊吹山,イブキヤマ,Ibukiyama,60,S,136.413333333,35.4183333333,1375.8
47750,舞鶴,マイヅル,Maiduru,61,S,135.316666667,35.45,2.4
47759,京都,キヨウト,Kiyouto,61,S,135.731666667,35.015,41.4
47772,大阪,オオサカ,Oosaka,62,S,135.518333333,34.6816666667,23.0
47747,豊岡,トヨオカ,Toyooka,63,S,134.821666667,35.535,3.4
47769,姫路,ヒメジ,Himeji,63,S,134.67,34.8383333333,38.2
47770,神戸,コウベ,Koube,63,S,135.211666667,34.6966666667,5.3
47776,洲本,スモト,Sumoto,63,S,134.905,34.3383333333,109.3
47780,奈良,ナラ,Nara,64,S,135.826666667,34.6933333333,104.4
47777,和歌山,ワカヤマ,Wakayama,65,S,135.163333333,34.2283333333,13.9
47778,潮岬,シオノミサキ,Shionomisaki,65,S,135.756666667,33.45,68.0
47756,津山,ツヤマ,Tsuyama,66,S,134.008333333,35.0633333333,145.7
47768,岡山,オカヤマ,Okayama,66,S,133.916666667,34.66,2.8
47767,福山,フクヤマ,Fukuyama,67,S,133.246666667,34.4466666667,1.9
47765,広島,ヒロシマ,Hiroshima,67,S,132.461666667,34.3983333333,3.6
47766,呉,クレ,Kure,67,S,132.55,34.24,3.5
47740,西郷,サイゴウ,Saigou,68,S,133.333333333,36.2033333333,26.5
47741,松江,マツエ,Matsue,68,S,133.065,35.4566666667,16.9
47755,浜田,ハマダ,Hamada,68,S,132.07,34.8966666667,19.0
47742,境,サカイ,Sakai,69,S,133.235,35.5433333333,2.0
47746,鳥取,トツトリ,Totsutori,69,S,134.238333333,35.4866666667,7.1
47744,米子,ヨナゴ,Yonago,69,S,133.338333333,35.4333333333,6.4
47895,徳島,トクシマ,Tokushima,71,S,134.573333333,34.0666666667,1.6
47894,剣山,ツルギサン,Tsurugisan,71,S,134.096666667,33.8533333333,1944.8
47891,高松,タカマツ,Takamatsu,72,S,134.053333333,34.3166666667,8.7
47890,多度津,タドツ,Tadotsu,72,S,133.751666667,34.275,3.7
47887,松山,マツヤマ,Matsuyama,73,S,132.776666667,33.8433333333,32.2
47892,宇和島,ウワジマ,Uwajima,73,S,132.551666667,33.2266666667,2.4
47893,高知,コウチ,Kouchi,74,S,133.548333333,33.5666666667,0.5
47899,室戸岬,ムロトミサキ,Murotomisaki,74,S,134.176666667,33.2516666667,185.0
47897,宿毛,スクモ,Sukumo,74,S,132.695,32.92,2.2
47898,清水,シミズ,Shimizu,74,S,133.01,32.7216666667,31.0
47754,萩,ハギ,Hagi,81,S,131.405,34.41,2.2
47784,山口,ヤマグチ,Yamaguchi,81,S,131.453333333,34.16,16.7
47762,下関,シモノセキ,Shimonoseki,81,S,130.925,33.9483333333,3.3
47809,飯塚,イイヅカ,Iiduka,82,S,130.693333333,33.6516666667,37.1
47807,福岡,フクオカ,Fukuoka,82,S,130.375,33.5816666667,2.5
47814,日田,ヒタ,Hita,83,S,130.928333333,33.3216666667,82.9
47815,大分,オオイタ,Ooita,83,S,131.618333333,33.235,4.6
47800,厳原,イヅハラ,Iduhara,84,S,129.291666667,34.1966666667,3.7
47805,平戸,ヒラド,Hirado,84,S,129.55,33.36,57.8
47812,佐世保,サセボ,Sasebo,84,S,129.726666667,33.1583333333,3.9
47817,長崎,ナガサキ,Nagasaki,84,S,129.866666667,32.7333333333,26.9
47818,雲仙岳,ウンゼンダケ,Unzendake,84,S,130.261666667,32.7366666667,677.5
47843,福江,フクエ,Fukue,84,S,128.826666667,32.6933333333,25.1
47813,佐賀,サガ,Saga,85,S,130.305,33.265,5.5
47819,熊本,クマモト,Kumamoto,86,S,130.706666667,32.8133333333,37.7
47821,阿蘇山,アソサン,Asosan,86,S,131.073333333,32.88,1142.3
47824,人吉,ヒトヨシ,Hitoyoshi,86,S,130.755,32.2166666667,145.8
47838,牛深,ウシブカ,Ushibuka,86,S,130.026666667,32.1966666667,3.0
47822,延岡,ノベオカ,Nobeoka,87,S,131.656666667,32.5816666667,19.2
47830,宮崎,ミヤザキ,Miyazaki,87,S,131.413333333,31.9383333333,9.2
47829,都城,ミヤコノジヨウ,Miyakonojiyou,87,S,131.08,31.73,153.8
47835,油津,アブラツ,Aburatsu,87,S,131.406666667,31.5783333333,2.9
47823,阿久根,アクネ,Akune,88,S,130.2,32.0266666667,40.1
47827,鹿児島,カゴシマ,Kagoshima,88,S,130.546666667,31.5533333333,3.9
47831,枕崎,マクラザキ,Makurazaki,88,S,130.293333333,31.2716666667,29.5
47837,種子島,タネガシマ,Tanegashima,88,S,130.981666667,30.72,24.9
47909,名瀬,ナゼ,Naze,88,S,129.495,28.3783333333,2.8
47836,屋久島,ヤクシマ,Yakushima,88,S,130.658333333,30.385,37.3
47942,沖永良部,オキノエラブ,Okinoerabu,88,S,128.705,27.4316666667,26.8
47940,名護,ナゴ,Nago,91,S,127.965,26.5933333333,6.1
47936,那覇,ナハ,Naha,91,S,127.685,26.2066666667,28.1
47918,石垣島,イシガキジマ,Ishigakijima,91,S,124.163333333,24.3366666667,5.7
47927,宮古島,ミヤコジマ,Miyakojima,91,S,125.276666667,24.7933333333,39.9
47929,久米島,クメジマ,Kumejima,91,S,126.803333333,26.3366666667,5.0
47917,西表島,イリオモテジマ,Iriomotejima,91,S,123.765,24.4266666667,9.9
47912,与那国島,ヨナグニジマ,Yonagunijima,91,S,123.01,24.4666666667,30.0
47945,南大東(南大東島),ミナミダイトウジマ,Minamidaitoujima,91,S,131.226666667,25.8283333333,15.3
