,precip-accum_mm,temp_C
1960-01-01,23.7,2.9838709677419355
1960-02-01,11.8,4.444827586206896
1960-03-01,74.6,7.480645161290322
1960-04-01,116.7,11.360000000000001
1960-05-01,125.0,16.280645161290323
1960-06-01,100.0,19.923333333333336
1960-07-01,52.5,24.103225806451615
1960-08-01,248.9,25.238709677419354
1960-09-01,106.8,22.220000000000002
1960-10-01,172.1,15.5
1960-11-01,86.8,10.4
1960-12-01,59.199999999999996,4.080645161290323
1961-01-01,30.7,1.535483870967742
1961-02-01,30.5,2.7642857142857147
1961-03-01,90.4,6.496774193548387
1961-04-01,115.7,13.18
1961-05-01,46.6,18.351612903225806
1961-06-01,361.2,21.02
1961-07-01,138.20000000000002,25.69677419354839
1961-08-01,92.9,25.11935483870968
1961-09-01,34.6,23.533333333333335
1961-10-01,197.70000000000002,17.329032258064515
1961-11-01,47.2,10.443333333333333
1961-12-01,33.9,4.606451612903226
1962-01-01,41.5,2.490322580645161
1962-02-01,10.8,3.275
1962-03-01,64.5,6.206896551724138
1962-04-01,89.0,12.15
1962-05-01,221.2,17.009677419354837
1962-06-01,223.3,19.64333333333333
1962-07-01,201.10000000000002,24.003225806451614
1962-08-01,116.10000000000001,26.241935483870968
1962-09-01,6.5,22.503333333333334
1962-10-01,102.30000000000001,14.735483870967743
1962-11-01,111.9,9.626666666666667
1962-12-01,48.1,4.196774193548387
1963-01-01,0.6,0.8096774193548387
1963-02-01,28.2,2.292857142857143
1963-03-01,67.3,5.990322580645161
1963-04-01,74.6,11.96
1963-05-01,123.3,16.65806451612903
1963-06-01,194.4,20.413333333333334
1963-07-01,155.20000000000002,23.731034482758623
1963-08-01,155.79999999999998,24.864516129032257
1963-09-01,109.8,19.732142857142858
1963-10-01,296.9,14.796774193548387
1963-11-01,101.8,9.573333333333332
1963-12-01,23.5,5.396774193548388
1964-01-01,108.3,3.051612903225806
1964-02-01,47.4,2.8379310344827586
1964-03-01,79.3,5.6
1964-04-01,69.3,13.83
1964-05-01,63.199999999999996,17.13225806451613
1964-06-01,122.8,19.993333333333332
1964-07-01,63.300000000000004,23.80322580645161
1964-08-01,169.0,26.09032258064516
1964-09-01,107.3,20.771428571428572
1964-10-01,113.69999999999999,14.448387096774193
1964-11-01,49.1,8.626666666666667
1964-12-01,53.0,4.503333333333333
1965-01-01,41.900000000000006,2.0516129032258066
1965-02-01,12.8,2.6607142857142856
1965-03-01,29.1,4.609677419354839
1965-04-01,71.6,9.096666666666666
1965-05-01,338.3,15.793548387096775
1965-06-01,164.5,20.23
1965-08-01,94.0,24.91290322580645
1965-09-01,217.8,20.529999999999998
1965-10-01,68.9,14.174193548387096
1965-11-01,74.19999999999999,9.996666666666666
1965-12-01,69.4,4.006451612903226
1966-01-01,20.200000000000003,1.6161290322580646
1966-02-01,104.2,4.664285714285714
1966-03-01,111.9,7.435483870967742
1966-04-01,120.8,11.746666666666666
1966-05-01,142.2,15.67741935483871
1966-06-01,321.0,18.523333333333333
1966-07-01,102.8,23.02258064516129
1966-08-01,69.3,24.980645161290322
1966-09-01,148.7,21.529999999999998
1966-10-01,65.7,16.125806451612902
1966-11-01,28.299999999999997,9.433333333333334
1966-12-01,9.700000000000001,2.545161290322581
1967-01-01,27.9,0.7533333333333334
1967-02-01,50.5,1.757142857142857
1967-03-01,86.89999999999999,6.264516129032257
1967-04-01,116.7,11.976666666666667
1967-05-01,65.4,17.31935483870968
1967-06-01,136.4,20.93
1967-07-01,78.7,24.661290322580644
1967-08-01,50.4,25.80322580645161
1967-09-01,233.9,21.136666666666667
1967-10-01,167.1,14.516129032258064
1967-11-01,66.2,8.879999999999999
1967-12-01,32.9,2.8806451612903223
1968-01-01,10.5,2.0
1968-02-01,31.0,0.7620689655172413
1968-03-01,74.5,7.093103448275862
1968-04-01,116.0,11.636666666666667
1968-05-01,184.0,15.719354838709679
1968-06-01,153.0,20.136666666666667
1968-07-01,156.5,23.358064516129033
1968-08-01,174.0,24.91
1968-09-01,62.5,19.966666666666665
1968-10-01,122.0,14.05483870967742
1968-11-01,25.0,10.176666666666668
1968-12-01,149.0,6.896774193548388
1969-01-01,40.0,2.0903225806451613
1969-02-01,84.5,3.1285714285714286
1969-03-01,111.5,5.341935483870968
1969-04-01,79.0,12.156666666666666
1969-05-01,94.5,16.961290322580645
1969-06-01,196.0,19.94
1969-07-01,117.5,22.932258064516127
1969-08-01,104.0,25.12258064516129
1969-09-01,100.0,20.516666666666666
1969-10-01,163.5,14.416129032258064
1969-11-01,80.5,9.520000000000001
1969-12-01,1.5,3.161290322580645
1970-01-01,37.0,0.9096774193548388
1970-02-01,23.0,2.8249999999999997
1970-03-01,33.5,3.161290322580645
1970-04-01,42.0,10.666666666666666
1970-05-01,130.5,17.335483870967742
1970-06-01,157.5,19.03666666666667
1970-07-01,97.0,23.741935483870968
1970-08-01,57.5,25.106451612903225
1970-09-01,67.5,21.66
1970-10-01,80.0,14.7
1970-11-01,150.0,9.176666666666668
1970-12-01,31.0,2.7548387096774194
1971-01-01,32.0,1.7275862068965517
1971-02-01,31.0,2.4962962962962965
1971-03-01,48.5,5.416129032258064
1971-04-01,137.0,11.276666666666667
1971-05-01,68.5,16.04516129032258
1971-06-01,87.5,20.17
1971-07-01,95.0,24.74516129032258
1971-08-01,254.0,25.183870967741935
1971-09-01,213.0,19.85666666666667
1971-10-01,191.5,13.667741935483871
1971-11-01,17.5,8.416666666666666
1971-12-01,45.0,4.093548387096774
1972-01-01,99.5,3.6580645161290324
1972-02-01,106.5,3.231034482758621
1972-03-01,27.0,6.919354838709677
1972-04-01,123.5,11.793333333333333
1972-05-01,124.0,16.76774193548387
1972-06-01,100.5,19.983333333333334
1972-07-01,168.5,24.296774193548387
1972-08-01,99.5,25.080645161290324
1972-09-01,160.0,21.16
1972-10-01,29.5,15.725806451612904
1972-11-01,46.0,9.016666666666667
1972-12-01,126.5,4.47741935483871
1973-01-01,67.5,3.1225806451612903
1973-02-01,33.5,4.207142857142857
1973-03-01,6.5,5.4366666666666665
1973-04-01,124.5,13.406666666666666
1973-05-01,89.0,15.861290322580645
1973-06-01,125.5,18.616666666666667
1973-07-01,55.5,24.38064516129032
1973-08-01,45.0,26.86774193548387
1973-09-01,104.0,21.453333333333333
1973-10-01,185.0,14.832258064516129
1973-11-01,96.5,8.26
1973-12-01,0.0,1.5129032258064516
1974-01-01,29.0,0.5935483870967743
1974-02-01,52.0,2.375
1974-03-01,56.0,4.909677419354838
1974-04-01,99.0,12.6
1974-05-01,67.0,17.038709677419355
1974-06-01,190.0,20.246666666666666
1974-07-01,211.5,22.05483870967742
1974-08-01,54.5,25.748387096774195
1974-09-01,217.0,21.226666666666667
1974-10-01,103.0,15.770967741935483
1974-11-01,26.5,8.466666666666667
1974-12-01,44.5,2.8483870967741933
1975-01-01,49.5,1.2645161290322582
1975-02-01,60.0,1.957142857142857
1975-03-01,65.5,5.438709677419355
1975-04-01,105.0,12.446666666666665
1975-05-01,78.5,16.532258064516128
1975-06-01,102.5,20.243333333333332
1975-07-01,200.5,24.29032258064516
1975-08-01,25.0,25.116129032258065
1975-09-01,142.0,22.65666666666667
1975-10-01,179.0,15.229032258064517
1975-11-01,149.0,10.703333333333335
1975-12-01,46.0,2.9419354838709677
1976-01-01,0.5,1.6064516129032258
1976-02-01,81.5,4.379310344827586
1976-03-01,61.5,6.551612903225807
1976-04-01,110.0,11.356666666666666
1976-05-01,293.0,16.14193548387097
1976-06-01,155.5,19.736666666666668
1976-07-01,144.5,22.006451612903227
1976-08-01,149.5,23.12258064516129
1976-09-01,264.5,19.990000000000002
1976-10-01,177.5,15.345161290322581
1976-11-01,64.5,8.533333333333333
1976-12-01,26.5,3.858064516129032
1977-01-01,19.0,0.2935483870967742
1977-02-01,18.5,2.0535714285714284
1977-03-01,138.0,6.783870967741936
1977-04-01,102.0,12.716666666666667
1977-05-01,112.5,16.493548387096773
1977-06-01,151.5,19.64
1977-07-01,121.5,23.61935483870968
1977-08-01,240.5,23.432258064516127
1977-09-01,254.5,22.470000000000002
1977-10-01,44.5,16.316129032258065
1977-11-01,70.5,12.373333333333333
1977-12-01,22.0,5.174193548387097
1978-01-01,26.5,2.0258064516129033
1978-02-01,33.5,1.6821428571428572
1978-03-01,100.5,6.067741935483871
1978-04-01,122.0,11.58
1978-05-01,78.0,16.98709677419355
1978-06-01,55.0,22.116666666666667
1978-07-01,29.5,25.993548387096773
1978-08-01,11.5,26.700000000000003
1978-09-01,104.0,20.396666666666665
1978-10-01,110.5,14.564516129032258
1978-11-01,42.5,9.866666666666667
1978-12-01,32.0,4.270967741935484
1979-01-01,53.5,2.6774193548387095
1979-02-01,77.5,6.075
1979-03-01,53.5,7.303225806451613
1979-04-01,78.0,11.986666666666668
1979-05-01,152.0,16.67096774193548
1979-06-01,55.5,22.7
1979-07-01,120.5,23.387096774193548
1979-08-01,68.5,25.529032258064515
1979-09-01,138.0,22.233333333333334
1979-10-01,255.0,17.541935483870965
1979-11-01,163.0,12.139999999999999
1979-12-01,36.0,6.254838709677419
1980-01-01,69.0,2.5580645161290323
1980-02-01,15.0,2.110344827586207
1980-03-01,126.0,6.33225806451613
1980-04-01,94.0,11.873333333333333
1980-05-01,168.0,17.432258064516127
1980-06-01,157.5,22.14
1980-07-01,177.0,22.203225806451613
1980-08-01,103.0,21.741935483870968
1980-09-01,113.0,21.226666666666667
1980-10-01,138.0,15.548387096774194
1980-11-01,117.0,9.736666666666668
1980-12-01,40.5,4.27741935483871
1981-01-01,1.5,0.970967741935484
1981-02-01,31.0,2.525
1981-03-01,112.0,6.583870967741936
1981-04-01,135.0,11.870000000000001
1981-05-01,124.0,15.367741935483872
1981-06-01,118.5,18.026666666666664
1981-07-01,41.0,24.432258064516127
1981-08-01,112.5,24.219354838709677
1981-09-01,139.0,19.583333333333332
1981-10-01,334.0,15.119354838709677
1981-11-01,64.0,7.33
1981-12-01,3.0,3.8
1982-01-01,29.0,2.990322580645161
1982-02-01,23.0,2.9250000000000003
1982-03-01,62.0,7.377419354838709
1982-04-01,102.0,11.816666666666666
1982-05-01,83.5,18.551612903225806
1982-06-01,154.5,19.096666666666668
1982-07-01,162.5,21.019354838709678
1982-08-01,143.5,24.903225806451612
1982-09-01,367.5,20.243333333333332
1982-10-01,162.0,15.209677419354838
1982-11-01,137.0,11.32
1982-12-01,17.5,5.561290322580645
1983-01-01,16.0,2.3483870967741933
1983-02-01,53.0,3.085714285714286
1983-03-01,104.0,6.238709677419355
1983-04-01,121.0,13.44
1983-05-01,73.5,17.074193548387097
1983-06-01,173.5,18.19
1983-07-01,218.5,21.67096774193548
1983-08-01,129.0,24.958064516129035
1983-09-01,241.5,20.790000000000003
1983-10-01,110.0,14.829032258064515
1983-11-01,58.5,9.17
1983-12-01,3.5,3.009677419354839
1984-01-01,42.0,-0.16451612903225807
1984-02-01,58.0,-0.09655172413793103
1984-03-01,41.0,3.138709677419355
1984-04-01,45.5,9.093333333333334
1984-05-01,49.5,14.883870967741935
1984-06-01,180.5,19.87666666666667
1984-07-01,76.5,23.90967741935484
1984-08-01,14.5,26.193548387096776
1984-09-01,45.5,20.7
1984-10-01,74.0,14.838709677419354
1984-11-01,38.0,8.34
1984-12-01,54.0,3.958064516129032
1985-01-01,5.0,0.2
1985-02-01,186.5,4.296428571428572
1985-03-01,136.0,5.719354838709678
1985-04-01,151.5,11.753333333333334
1985-05-01,74.5,17.1
1985-06-01,301.5,18.506666666666668
1985-07-01,75.0,24.44193548387097
1985-08-01,140.5,26.09032258064516
1985-09-01,61.0,21.196666666666665
1985-10-01,59.0,15.0
1985-11-01,54.0,9.616666666666667
1985-12-01,25.5,3.6548387096774193
1986-01-01,12.5,0.6387096774193549
1986-02-01,29.0,1.1500000000000001
1986-03-01,184.0,5.270967741935484
1986-04-01,88.0,11.57
1986-05-01,144.5,15.893548387096773
1986-06-01,108.5,19.03666666666667
1986-07-01,72.0,22.051612903225806
1986-08-01,239.5,24.95483870967742
1986-09-01,117.0,21.926666666666666
1986-10-01,71.5,14.067741935483872
1986-11-01,38.5,8.816666666666666
1986-12-01,76.5,4.354838709677419
1987-01-01,43.5,2.238709677419355
1987-02-01,47.0,3.814285714285714
1987-03-01,71.5,7.080645161290323
1987-04-01,36.0,11.896666666666667
1987-05-01,78.0,17.15806451612903
1987-06-01,87.5,19.996666666666666
1987-07-01,113.0,25.003225806451614
1987-08-01,129.0,25.135483870967743
1987-09-01,227.0,21.28666666666667
1987-10-01,145.5,16.44516129032258
1987-11-01,65.5,9.433333333333334
1987-12-01,54.5,4.209677419354839
1988-01-01,21.0,3.958064516129032
1988-02-01,9.5,1.7655172413793105
1988-03-01,123.5,6.493548387096774
1988-04-01,79.0,12.203333333333335
1988-05-01,138.5,16.070967741935483
1988-06-01,191.0,20.316666666666666
1988-07-01,176.0,20.490322580645163
1988-08-01,207.5,25.299999999999997
1988-09-01,279.5,21.38
1988-10-01,61.5,14.30967741935484
1988-11-01,22.5,7.27
1988-12-01,0.5,3.967741935483871
1989-01-01,60.5,5.054838709677419
1989-02-01,130.0,4.446428571428571
1989-03-01,121.5,7.009677419354839
1989-04-01,144.0,13.313333333333333
1989-05-01,133.0,15.561290322580644
1989-06-01,165.5,18.64333333333333
1989-07-01,122.0,22.506451612903227
1989-08-01,254.0,25.403225806451612
1989-09-01,125.0,23.293333333333333
1989-10-01,174.0,14.741935483870968
1989-11-01,62.5,10.763333333333332
1989-12-01,27.5,4.916129032258064
1990-01-01,29.0,1.396774193548387
1990-02-01,99.0,5.453571428571428
1990-03-01,93.0,8.235483870967741
1990-04-01,154.5,12.736666666666668
1990-05-01,96.0,17.27741935483871
1990-06-01,99.0,21.75
1990-07-01,55.0,23.758064516129032
1990-08-01,105.0,26.725806451612904
1990-09-01,186.0,22.863333333333333
1990-10-01,166.0,16.9
1990-11-01,174.5,12.116666666666667
1990-12-01,26.5,5.703225806451614
1991-01-01,50.0,2.7774193548387096
1991-02-01,61.0,3.7392857142857143
1991-03-01,118.5,7.480645161290322
1991-04-01,92.0,13.56
1991-05-01,65.0,16.806451612903224
1991-06-01,110.5,22.013333333333332
1991-07-01,126.5,24.52258064516129
1991-08-01,204.5,23.596774193548388
1991-09-01,432.0,22.23
1991-10-01,448.5,16.309677419354838
1991-11-01,97.0,9.82
1991-12-01,35.5,5.877419354838709
1992-01-01,39.0,3.3806451612903223
1992-02-01,19.5,3.8310344827586205
1992-03-01,169.5,7.870967741935484
1992-04-01,181.0,13.153333333333334
1992-05-01,111.0,15.216129032258063
1992-06-01,143.5,18.53666666666667
1992-07-01,65.5,23.616129032258065
1992-08-01,54.0,25.248387096774195
1992-09-01,76.5,21.0
1992-10-01,239.5,15.193548387096774
1992-11-01,114.5,10.036666666666667
1992-12-01,68.5,5.774193548387097
1993-01-01,91.0,3.6322580645161286
1993-02-01,64.0,4.671428571428572
1993-03-01,58.5,6.232258064516128
1993-04-01,35.5,10.753333333333334
1993-05-01,103.0,15.864516129032259
1993-06-01,166.0,19.94
1993-07-01,224.0,20.641935483870967
1993-08-01,241.5,23.13225806451613
1993-09-01,92.0,20.84333333333333
1993-10-01,124.5,14.97741935483871
1993-11-01,119.0,10.956666666666667
1993-12-01,61.5,5.412903225806452
1994-01-01,45.5,2.3741935483870966
1994-02-01,71.5,3.810714285714286
1994-03-01,116.0,5.867741935483871
1994-04-01,39.0,13.533333333333333
1994-05-01,101.5,17.425806451612903
1994-06-01,72.0,20.493333333333332
1994-07-01,54.5,26.129032258064516
1994-08-01,77.5,27.225806451612904
1994-09-01,348.0,23.033333333333335
1994-10-01,54.0,17.916129032258063
1994-11-01,49.0,9.983333333333333
1994-12-01,22.0,5.306666666666667
1995-01-01,27.5,2.8096774193548386
1995-02-01,15.5,3.4892857142857143
1995-03-01,142.0,6.764516129032257
1995-04-01,110.5,13.203333333333335
1995-05-01,188.5,17.270967741935483
1995-06-01,180.0,18.779999999999998
1995-07-01,155.5,24.5258064516129
1995-08-01,69.5,27.13225806451613
1995-09-01,171.5,21.383333333333333
1995-10-01,60.5,16.91290322580645
1995-11-01,38.5,8.723333333333333
1995-12-01,0.0,3.6548387096774193
1996-01-01,17.0,3.0
1996-02-01,32.0,2.6448275862068966
1996-03-01,95.0,6.861290322580645
1996-04-01,66.0,10.176666666666668
1996-05-01,103.0,15.893548387096773
1996-06-01,42.0,20.216666666666665
1996-07-01,191.5,24.325806451612905
1996-08-01,36.0,24.151612903225807
1996-09-01,306.5,20.086666666666666
1996-10-01,63.0,15.422580645161291
1996-11-01,94.0,10.21
1996-12-01,36.5,5.474193548387096
1997-01-01,28.0,2.906451612903226
1997-02-01,30.5,4.242857142857143
1997-03-01,100.5,8.24516129032258
1997-04-01,79.0,13.05
1997-05-01,154.5,17.125806451612902
1997-06-01,161.0,21.2
1997-07-01,95.5,24.65806451612903
1997-08-01,35.5,25.09333333333333
1997-09-01,148.0,21.216666666666665
1997-10-01,21.5,15.396774193548387
1997-11-01,102.0,11.353333333333333
1997-12-01,46.5,5.929032258064516
1998-01-01,78.5,2.103225806451613
1998-02-01,62.5,4.375
1998-03-01,80.5,7.65483870967742
1998-04-01,205.5,14.186666666666667
1998-05-01,148.0,18.596774193548388
1998-06-01,155.5,19.68
1998-07-01,144.0,23.425806451612903
1998-08-01,199.5,25.125806451612902
1998-09-01,275.5,22.75
1998-10-01,128.0,18.016129032258064
1998-11-01,3.0,9.993333333333334
1998-12-01,42.5,5.17741935483871
1999-01-01,9.5,3.1903225806451614
1999-02-01,43.0,3.335714285714286
1999-03-01,112.5,7.854838709677419
1999-04-01,194.5,13.056666666666667
1999-05-01,101.0,17.887096774193548
1999-06-01,149.0,21.113333333333333
1999-07-01,196.0,24.706451612903226
1999-08-01,129.5,27.1
1999-09-01,50.0,24.466666666666665
1999-10-01,89.5,16.796774193548387
1999-11-01,77.5,10.79
1999-12-01,12.5,4.754838709677419
2000-01-01,58.0,4.812903225806451
2000-02-01,13.0,2.910344827586207
2000-03-01,67.0,7.012903225806451
2000-04-01,109.5,12.626666666666667
2000-05-01,217.5,17.612903225806452
2000-06-01,191.0,20.676666666666666
2000-07-01,224.5,25.81935483870968
2000-08-01,80.0,26.25483870967742
2000-09-01,198.5,23.233333333333334
2000-10-01,139.0,16.34516129032258
2000-11-01,80.0,10.606666666666666
2000-12-01,4.0,4.970967741935484
2001-01-01,102.0,1.558064516129032
2001-02-01,17.0,3.5535714285714284
2001-03-01,119.5,7.151612903225806
2001-04-01,30.5,13.43
2001-05-01,165.0,17.664516129032258
2001-06-01,133.0,21.233333333333334
2001-07-01,18.0,26.616129032258065
2001-08-01,80.0,24.425806451612903
2001-09-01,166.5,21.02
2001-10-01,271.5,16.029032258064515
2001-11-01,92.0,8.889999999999999
2001-12-01,25.5,4.274193548387097
2002-01-01,107.0,4.161290322580645
2002-02-01,27.5,5.014285714285714
2002-03-01,57.5,9.848387096774195
2002-04-01,40.5,13.963333333333333
2002-05-01,121.0,16.383870967741935
2002-06-01,110.5,19.56
2002-07-01,136.0,25.951612903225808
2002-08-01,64.0,26.106451612903225
2002-09-01,166.5,21.02
2002-10-01,134.5,16.351612903225806
2002-11-01,28.5,8.17
2002-12-01,76.0,3.8096774193548386
2003-01-01,72.5,2.52258064516129
2003-02-01,47.0,3.664285714285714
2003-03-01,109.5,6.316129032258065
2003-04-01,106.5,13.006666666666666
2003-05-01,132.0,16.809677419354838
2003-06-01,62.5,21.043333333333333
2003-07-01,142.0,20.806451612903224
2003-08-01,249.5,24.19677419354839
2003-09-01,113.0,21.966666666666665
2003-10-01,140.5,15.23225806451613
2003-11-01,167.5,12.22
2003-12-01,43.0,5.283870967741936
2004-01-01,2.5,2.97741935483871
2004-02-01,14.5,5.555172413793104
2004-03-01,111.5,7.483870967741935
2004-04-01,62.0,13.75
2004-05-01,146.0,17.496774193548386
2004-06-01,89.0,21.403333333333332
2004-07-01,145.5,26.05806451612903
2004-08-01,124.5,25.203225806451613
2004-09-01,165.5,23.2
2004-10-01,592.0,15.26774193548387
2004-11-01,90.5,12.370000000000001
2004-12-01,63.0,6.532258064516129
2005-01-01,93.0,3.045161290322581
2005-02-01,45.0,3.475
2005-03-01,77.0,6.364516129032259
2005-04-01,79.0,12.743333333333334
2005-05-01,74.5,15.461290322580645
2005-06-01,60.5,21.226666666666667
2005-07-01,184.5,23.64516129032258
2005-08-01,213.0,26.274193548387096
2005-09-01,63.0,22.959999999999997
2005-10-01,196.0,17.206451612903226
2005-11-01,45.5,9.356666666666666
2005-12-01,1.0,2.3451612903225807
2006-01-01,53.5,2.064516129032258
2006-02-01,88.0,4.257142857142857
2006-03-01,66.0,7.706451612903226
2006-04-01,90.5,11.67
2006-05-01,107.5,17.225806451612904
2006-06-01,131.0,20.83
2006-07-01,257.0,23.770967741935483
2006-08-01,54.5,25.73548387096774
2006-09-01,211.5,21.826666666666664
2006-10-01,265.5,17.287096774193547
2006-11-01,111.5,11.596666666666666
2006-12-01,180.0,6.412903225806452
2007-01-01,31.5,4.458064516129032
2007-02-01,45.0,6.0321428571428575
2007-03-01,60.5,8.612903225806452
2007-04-01,111.0,11.93
2007-05-01,167.5,17.54516129032258
2007-06-01,48.0,21.44
2007-07-01,213.0,22.603225806451615
2007-08-01,21.0,27.080645161290324
2007-09-01,207.5,23.543333333333333
2007-10-01,133.0,16.40967741935484
2007-11-01,46.5,10.116666666666667
2007-12-01,53.0,5.367741935483871
2008-01-01,19.5,2.8129032258064517
2008-02-01,48.0,2.944827586206897
2008-03-01,78.0,8.183870967741935
2008-04-01,183.0,12.629999999999999
2008-05-01,170.0,16.648387096774194
2008-06-01,152.5,19.686666666666667
2008-07-01,18.5,24.980645161290322
2008-08-01,327.0,25.270967741935483
2008-09-01,118.0,22.146666666666665
2008-10-01,134.0,16.75483870967742
2008-11-01,62.5,10.316666666666666
2008-12-01,61.0,6.738709677419355
2009-01-01,117.5,3.9193548387096775
2009-02-01,42.0,5.196428571428571
2009-03-01,96.0,7.896774193548388
2009-04-01,127.5,13.629999999999999
2009-05-01,105.5,18.34193548387097
2009-06-01,160.5,20.623333333333335
2009-07-01,38.5,24.651612903225807
2009-08-01,176.0,24.483870967741936
2009-09-01,15.5,20.873333333333335
2009-10-01,226.0,16.551612903225806
2009-11-01,147.5,10.943333333333333
2009-12-01,83.5,5.951612903225806
2010-01-01,9.5,3.648387096774193
2010-02-01,96.5,4.189285714285714
2010-03-01,101.0,7.296774193548388
2010-04-01,169.0,10.703333333333335
2010-05-01,132.0,17.22258064516129
2010-06-01,95.0,21.8
2010-07-01,69.5,26.480645161290322
2010-08-01,5.0,28.22258064516129
2010-09-01,377.0,24.02962962962963
2010-10-01,157.0,17.029999999999998
2010-11-01,81.5,10.486666666666668
2010-12-01,102.0,6.806451612903226
2011-01-01,0.0,2.1129032258064515
2011-02-01,104.5,4.860714285714286
2011-03-01,74.0,5.84516129032258
2011-04-01,74.5,12.363333333333333
2011-05-01,210.0,16.743333333333332
2011-06-01,138.5,21.42
2011-07-01,184.0,25.86774193548387
2011-08-01,142.5,26.08709677419355
2011-09-01,186.0,23.546666666666667
2011-10-01,160.5,17.341379310344827
2011-11-01,79.0,11.586666666666668
2011-12-01,41.0,4.39
2012-01-01,36.5,1.703225806451613
2012-02-01,42.5,2.940740740740741
2012-03-01,127.5,6.951612903225806
2012-04-01,124.5,12.393333333333334
2012-05-01,228.5,17.67096774193548
2012-06-01,175.0,19.490000000000002
2012-07-01,112.5,24.996774193548386
2012-08-01,14.5,27.322580645161292
2012-09-01,193.5,24.2
2012-10-01,170.5,16.896774193548385
2012-11-01,92.0,9.47
2012-12-01,70.5,3.990322580645161
2013-01-01,49.0,2.4000000000000004
2013-02-01,31.5,3.5321428571428575
2013-03-01,45.0,9.980645161290322
2013-04-01,167.5,12.753333333333334
2013-05-01,81.5,17.299999999999997
2013-06-01,138.0,20.93
2013-07-01,45.5,24.94516129032258
2013-08-01,70.5,27.20967741935484
2013-09-01,175.0,22.91
2013-10-01,417.0,17.822580645161292
2013-11-01,16.0,9.813333333333333
2013-12-01,45.5,4.790322580645161
2014-01-01,24.0,2.774193548387097
2014-02-01,163.0,3.5214285714285714
2014-03-01,86.5,8.05483870967742
2014-04-01,146.0,12.776666666666667
2014-05-01,111.5,18.219354838709677
2014-06-01,332.0,21.779999999999998
2014-07-01,97.0,25.01290322580645
2014-08-01,169.5,25.822580645161292
2014-09-01,88.0,20.86
2014-10-01,300.0,16.532258064516128
2014-11-01,65.5,11.3
2014-12-01,59.0,4.132258064516129
2015-01-01,86.0,3.8677419354838714
2015-02-01,49.5,3.882142857142857
2015-03-01,81.0,8.729032258064517
2015-04-01,91.0,13.129999999999999
2015-05-01,96.5,19.358064516129033
2015-06-01,172.5,21.06
2015-07-01,193.0,25.370967741935484
2015-08-01,100.5,25.64516129032258
2015-09-01,360.0,21.55
2015-10-01,44.0,16.683870967741935
2015-11-01,148.5,12.493333333333334
2015-12-01,40.5,7.190322580645161
2016-01-01,84.0,3.9000000000000004
2016-02-01,36.5,5.210344827586207
2016-03-01,74.5,8.551612903225807
2016-04-01,100.0,13.993333333333334
2016-05-01,93.5,18.729032258064517
2016-06-01,106.0,21.470000000000002
2016-07-01,95.5,24.36774193548387
2016-08-01,298.5,26.283870967741933
2016-09-01,243.0,23.496666666666666
2016-10-01,90.0,16.9
2016-11-01,116.0,9.703333333333335
2016-12-01,69.5,6.425806451612903
2017-01-01,16.0,3.274193548387097
2017-02-01,21.0,5.007142857142857
2017-03-01,72.5,6.77741935483871
2017-04-01,102.5,13.229999999999999
2017-05-01,66.0,18.69677419354839
2017-06-01,51.0,20.83
2017-07-01,110.5,26.44516129032258
2017-08-01,116.0,25.203225806451613
2017-09-01,177.0,21.7551724137931
2017-10-01,415.5,15.853333333333333
2017-11-01,44.5,9.623333333333333
2017-12-01,8.5,4.238709677419355
2018-01-01,21.0,2.425806451612903
2018-02-01,7.5,3.5
2018-03-01,163.0,10.170967741935485
2018-04-01,98.0,15.473333333333333
2018-05-01,164.0,18.370967741935484
2018-06-01,86.0,21.483333333333334
2018-07-01,107.0,27.470967741935485
2018-08-01,71.5,26.980645161290322
2018-09-01,256.0,22.136666666666667
2018-10-01,47.0,17.751612903225805
2018-11-01,42.5,12.19
2018-12-01,31.0,5.909677419354838
2019-01-01,16.5,2.9645161290322584
2019-02-01,44.5,5.271428571428571
2019-03-01,102.0,8.941935483870967
2019-04-01,82.0,12.26
2019-05-01,95.5,18.73225806451613
2019-06-01,141.5,20.866666666666667
2019-07-01,160.0,23.516129032258064
2019-08-01,57.5,27.393548387096775
2019-09-01,172.5,23.783333333333335
2019-10-01,377.0,18.406451612903226
2019-11-01,106.0,11.17
2019-12-01,65.5,6.661290322580645
2020-01-01,131.5,5.406451612903226
2020-02-01,23.0,6.310344827586207
2020-03-01,103.0,9.416129032258064
2020-04-01,194.5,11.5
2020-05-01,132.0,18.44516129032258
2020-06-01,199.5,22.259999999999998
2020-07-01,233.5,23.370967741935484
2020-08-01,63.0,27.76451612903226
2020-09-01,70.0,23.540000000000003
2020-10-01,165.0,15.970967741935484
2020-11-01,14.0,11.78
2020-12-01,7.0,5.174193548387097
2021-01-01,35.0,3.138709677419355
2021-02-01,71.0,6.2821428571428575
2021-03-01,149.0,11.112903225806452
2021-04-01,146.5,13.46
2021-05-01,76.5,18.516129032258064
2021-06-01,95.0,21.69
2021-07-01,194.5,24.91
2021-08-01,271.0,26.5
2021-09-01,98.0,21.259999999999998
2021-10-01,193.5,16.638709677419353
2021-11-01,54.0,11.172413793103448
2021-12-01,132.5,5.461290322580646
2022-01-01,23.0,2.490322580645161
2022-02-01,65.0,3.2714285714285714
2022-03-01,115.0,9.13225806451613
2022-04-01,186.0,14.143333333333334
2022-05-01,155.0,17.55483870967742
2022-06-01,45.5,21.81
2022-07-01,143.0,26.635483870967743
2022-08-01,69.0,26.541935483870965
2022-09-01,295.0,23.366666666666667
2022-10-01,112.0,15.651612903225805
2022-11-01,67.5,12.306666666666667
2022-12-01,41.0,4.938709677419355
2023-01-01,19.0,3.5258064516129033
2023-02-01,34.5,5.396428571428571
2023-03-01,97.5,11.490322580645161
2023-04-01,56.0,14.916666666666666
2023-05-01,170.0,17.712903225806453
2023-06-01,364.5,22.183333333333334
2023-07-01,34.5,27.396774193548385
2023-08-01,143.5,28.493548387096773
2023-09-01,161.5,25.853333333333335
2023-10-01,120.0,16.76774193548387
2023-11-01,52.0,12.22
2023-12-01,21.5,6.82258064516129
